run_id,job_id,job_name,status,conclusion,started,ended,duration_s,html_url
"18687785105",53285048540,"marp_build","completed","success","2025-10-21T14:45:10Z","2025-10-21T14:46:21Z",71,"https://github.com/ryuryu333/nix_cache_ci_experiments/actions/runs/18687785105/job/53285048540"
"18687785105",53285048692,"zenn_build","completed","success","2025-10-21T14:45:10Z","2025-10-21T14:46:42Z",92,"https://github.com/ryuryu333/nix_cache_ci_experiments/actions/runs/18687785105/job/53285048692"
"18686193834",53279381526,"zenn_build","completed","success","2025-10-21T13:53:40Z","2025-10-21T14:04:19Z",639,"https://github.com/ryuryu333/nix_cache_ci_experiments/actions/runs/18686193834/job/53279381526"
"18686193834",53279381542,"marp_build","completed","success","2025-10-21T13:53:40Z","2025-10-21T14:05:05Z",685,"https://github.com/ryuryu333/nix_cache_ci_experiments/actions/runs/18686193834/job/53279381542"
"18685999306",53278677157,"marp_build","completed","success","2025-10-21T13:47:00Z","2025-10-21T13:47:26Z",26,"https://github.com/ryuryu333/nix_cache_ci_experiments/actions/runs/18685999306/job/53278677157"
"18685999306",53278677171,"zenn_build","completed","success","2025-10-21T13:47:00Z","2025-10-21T13:47:32Z",32,"https://github.com/ryuryu333/nix_cache_ci_experiments/actions/runs/18685999306/job/53278677171"
"18685931719",53278427380,"zenn_build","completed","success","2025-10-21T13:44:40Z","2025-10-21T13:46:42Z",122,"https://github.com/ryuryu333/nix_cache_ci_experiments/actions/runs/18685931719/job/53278427380"
"18685931719",53278427427,"marp_build","completed","success","2025-10-21T13:44:39Z","2025-10-21T13:45:21Z",42,"https://github.com/ryuryu333/nix_cache_ci_experiments/actions/runs/18685931719/job/53278427427"
"18685721347",53277674726,"zenn_build","completed","success","2025-10-21T13:37:23Z","2025-10-21T13:39:14Z",111,"https://github.com/ryuryu333/nix_cache_ci_experiments/actions/runs/18685721347/job/53277674726"
"18685721347",53277674730,"marp_build","completed","success","2025-10-21T13:37:23Z","2025-10-21T13:37:49Z",26,"https://github.com/ryuryu333/nix_cache_ci_experiments/actions/runs/18685721347/job/53277674730"
"18685623167",53277332765,"zenn_build","completed","success","2025-10-21T13:34:07Z","2025-10-21T13:35:57Z",110,"https://github.com/ryuryu333/nix_cache_ci_experiments/actions/runs/18685623167/job/53277332765"
"18685623167",53277332814,"marp_build","completed","success","2025-10-21T13:34:07Z","2025-10-21T13:34:51Z",44,"https://github.com/ryuryu333/nix_cache_ci_experiments/actions/runs/18685623167/job/53277332814"
"18685468935",53276790034,"marp_build","completed","success","2025-10-21T13:28:59Z","2025-10-21T13:29:40Z",41,"https://github.com/ryuryu333/nix_cache_ci_experiments/actions/runs/18685468935/job/53276790034"
"18685468935",53276790050,"zenn_build","completed","success","2025-10-21T13:29:02Z","2025-10-21T13:29:53Z",51,"https://github.com/ryuryu333/nix_cache_ci_experiments/actions/runs/18685468935/job/53276790050"
"18685389246",53276514338,"marp_build","completed","success","2025-10-21T13:26:22Z","2025-10-21T13:27:08Z",46,"https://github.com/ryuryu333/nix_cache_ci_experiments/actions/runs/18685389246/job/53276514338"
"18685389246",53276514411,"zenn_build","completed","success","2025-10-21T13:26:23Z","2025-10-21T13:28:33Z",130,"https://github.com/ryuryu333/nix_cache_ci_experiments/actions/runs/18685389246/job/53276514411"
"18685305669",53276226423,"zenn_build","completed","success","2025-10-21T13:23:34Z","2025-10-21T13:24:36Z",62,"https://github.com/ryuryu333/nix_cache_ci_experiments/actions/runs/18685305669/job/53276226423"
"18685305669",53276226430,"marp_build","completed","success","2025-10-21T13:23:34Z","2025-10-21T13:24:09Z",35,"https://github.com/ryuryu333/nix_cache_ci_experiments/actions/runs/18685305669/job/53276226430"
"18685254400",53276047151,"zenn_build","completed","success","2025-10-21T13:21:58Z","2025-10-21T13:23:05Z",67,"https://github.com/ryuryu333/nix_cache_ci_experiments/actions/runs/18685254400/job/53276047151"
"18685254400",53276047201,"marp_build","completed","success","2025-10-21T13:21:58Z","2025-10-21T13:22:32Z",34,"https://github.com/ryuryu333/nix_cache_ci_experiments/actions/runs/18685254400/job/53276047201"
